scenario_id,scenario_name,major_code,review_status,current_query,target_query,ok,current_match,target_match,expected_courses,recommended_courses,hit_courses,missed_expected_courses,hit_count,recommended_count,case_precision,case_recall,high_confidence_count,medium_confidence_count,low_confidence_count,transferability_ratio,current_ksa_count,target_ksa_count,transferable_ksa_count,gap_ksa_count
1,general_affairs_to_labor_management,02,candidate,총무,노무관리,True,총무,노무관리,노사관계 계획|단체교섭|단체교섭준비|노동쟁의 대응|노사협의회 운영|노사갈등 해결,노사관계 계획|단체교섭준비|단체교섭|노사관계 교육훈련|노사관계 평가,노사관계 계획|단체교섭|단체교섭준비,노동쟁의 대응|노사협의회 운영|노사갈등 해결,3,5,0.6,0.5,5,0,0,0.0546,221,183,10,173
2,labor_management_to_hr_planning,02,candidate,노무관리,인사기획,True,노무관리,인사기획,인사기획|직무관리|인력채용|임금관리,인사기획|직무관리|임금관리|인력채용|인력이동관리,인사기획|직무관리|인력채용|임금관리,,4,5,0.8,1.0,1,1,3,0.0455,183,22,1,21
3,recruiting_to_hr_development,02,candidate,인력채용,교육훈련운영,True,인력채용,교육훈련운영,교육훈련운영|핵심인재관리,교육훈련운영|핵심인재관리|노사관계 교육훈련|단체교섭준비|인사기획,교육훈련운영|핵심인재관리,,2,5,0.4,1.0,1,1,3,0.0,31,34,0,34
4,general_affairs_to_hr_planning,02,candidate,총무,인사기획,True,총무,인사기획,인사기획|직무관리|인력채용,인사기획|직무관리|단체협약이행|임금관리|인력채용,인사기획|직무관리|인력채용,,3,5,0.6,1.0,1,1,3,0.0909,221,22,2,20
5,general_affairs_to_recruiting,02,candidate,총무,인력채용,True,총무,인력채용,인력채용|인사기획|직무관리,인력채용|직무관리|단체협약이행|단체교섭준비|인사기획,인력채용|인사기획|직무관리,,3,5,0.6,1.0,1,2,2,0.0,221,31,0,31
6,general_affairs_to_compensation,02,candidate,총무,임금관리,True,총무,임금관리,임금관리|급여지급|인사기획,임금관리|급여지급|단체협약이행|인사기획|복리후생관리,임금관리|급여지급|인사기획,,3,5,0.6,1.0,1,2,2,0.069,221,29,2,27
7,general_affairs_to_benefits,02,candidate,총무,복리후생관리,True,총무,복리후생관리,복리후생관리|임금관리|인사기획,복리후생관리|임금관리|인사기획|급여지급|교육훈련운영,복리후생관리|임금관리|인사기획,,3,5,0.6,1.0,1,1,3,0.0667,221,30,2,28
8,general_affairs_to_hrd,02,candidate,총무,교육훈련운영,True,총무,교육훈련운영,교육훈련운영|핵심인재관리|인사기획,교육훈련운영|핵심인재관리|노사관계 교육훈련|단체교섭준비|인사기획,교육훈련운영|핵심인재관리|인사기획,,3,5,0.6,1.0,1,1,3,0.0588,221,34,2,32
9,labor_management_to_compensation,02,candidate,노무관리,임금관리,True,노무관리,임금관리,임금관리|급여지급|단체교섭준비,임금관리|급여지급|단체교섭준비|단체교섭|인사기획,임금관리|급여지급|단체교섭준비,,3,5,0.6,1.0,1,3,1,0.0345,183,29,1,28
10,labor_management_to_recruiting,02,candidate,노무관리,인력채용,True,노무관리,인력채용,인력채용|인사기획|직무관리,인력채용|직무관리|인사기획|핵심인재관리|인력이동관리,인력채용|인사기획|직무관리,,3,5,0.6,1.0,1,2,2,0.0645,183,31,2,29
11,labor_management_to_hrd,02,candidate,노무관리,교육훈련운영,True,노무관리,교육훈련운영,교육훈련운영|노사관계 교육훈련|핵심인재관리,교육훈련운영|핵심인재관리|노사관계 교육훈련|인사기획|직무관리,교육훈련운영|노사관계 교육훈련|핵심인재관리,,3,5,0.6,1.0,1,1,3,0.0882,183,34,3,31
12,labor_management_to_benefits,02,candidate,노무관리,복리후생관리,True,노무관리,복리후생관리,복리후생관리|임금관리|인사기획,복리후생관리|임금관리|인사기획|급여지급|교육훈련운영,복리후생관리|임금관리|인사기획,,3,5,0.6,1.0,1,1,3,0.0,183,30,0,30
13,recruiting_to_hr_planning,02,candidate,인력채용,인사기획,True,인력채용,인사기획,인사기획|직무관리|인력채용,인사기획|직무관리|단체협약이행|임금관리|인력채용,인사기획|직무관리|인력채용,,3,5,0.6,1.0,1,1,3,0.0455,31,22,1,21
14,recruiting_to_compensation,02,candidate,인력채용,임금관리,True,인력채용,임금관리,임금관리|급여지급|인사기획,임금관리|급여지급|단체협약이행|인사기획|복리후생관리,임금관리|급여지급|인사기획,,3,5,0.6,1.0,1,2,2,0.0,31,29,0,29
15,recruiting_to_benefits,02,candidate,인력채용,복리후생관리,True,인력채용,복리후생관리,복리후생관리|인사기획|임금관리,복리후생관리|임금관리|인사기획|급여지급|조직문화관리,복리후생관리|인사기획|임금관리,,3,5,0.6,1.0,1,1,3,0.0,31,30,0,30
16,compensation_to_hr_planning,02,candidate,임금관리,인사기획,True,임금관리,인사기획,인사기획|직무관리|인력채용,인사기획|직무관리|단체협약이행|인력채용|임금관리,인사기획|직무관리|인력채용,,3,5,0.6,1.0,1,1,3,0.0909,29,22,2,20
17,compensation_to_labor_management,02,candidate,임금관리,노무관리,True,임금관리,노무관리,노사관계 계획|단체교섭준비|단체교섭,노사관계 계획|단체교섭준비|단체교섭|노사협의회 운영|노사관계 교육훈련,노사관계 계획|단체교섭준비|단체교섭,,3,5,0.6,1.0,5,0,0,0.0055,29,183,1,182
18,compensation_to_benefits,02,candidate,임금관리,복리후생관리,True,임금관리,복리후생관리,복리후생관리|임금관리|급여지급,복리후생관리|임금관리|인사기획|급여지급|조직문화관리,복리후생관리|임금관리|급여지급,,3,5,0.6,1.0,1,1,3,0.0,29,30,0,30
19,benefits_to_compensation,02,candidate,복리후생관리,임금관리,True,복리후생관리,임금관리,임금관리|급여지급|복리후생관리,임금관리|급여지급|단체협약이행|인사기획|복리후생관리,임금관리|급여지급|복리후생관리,,3,5,0.6,1.0,1,2,2,0.0,30,29,0,29
20,benefits_to_hr_planning,02,candidate,복리후생관리,인사기획,True,복리후생관리,인사기획,인사기획|직무관리|임금관리,인사기획|직무관리|단체협약이행|인력채용|임금관리,인사기획|직무관리|임금관리,,3,5,0.6,1.0,1,2,2,0.0,30,22,0,22
21,benefits_to_labor_management,02,candidate,복리후생관리,노무관리,True,복리후생관리,노무관리,노사관계 계획|단체교섭준비|노사협의회 운영,노사관계 계획|단체교섭준비|단체교섭|노사협의회 운영|노사관계 교육훈련,노사관계 계획|단체교섭준비|노사협의회 운영,,3,5,0.6,1.0,5,0,0,0.0,30,183,0,183
22,hrd_to_hr_planning,02,candidate,교육훈련운영,인사기획,True,교육훈련운영,인사기획,인사기획|직무관리|인력채용,인사기획|직무관리|단체협약이행|임금관리|인력채용,인사기획|직무관리|인력채용,,3,5,0.6,1.0,1,3,1,0.0,34,22,0,22
23,hrd_to_recruiting,02,candidate,교육훈련운영,인력채용,True,교육훈련운영,인력채용,인력채용|인사기획|직무관리,인력채용|인사기획|단체협약이행|노사관계 계획|직무관리,인력채용|인사기획|직무관리,,3,5,0.6,1.0,1,2,2,0.0,34,31,0,31
24,hrd_to_compensation,02,candidate,교육훈련운영,임금관리,True,교육훈련운영,임금관리,임금관리|급여지급|인사기획,임금관리|급여지급|단체협약이행|인사기획|복리후생관리,임금관리|급여지급|인사기획,,3,5,0.6,1.0,1,2,2,0.0,34,29,0,29
25,hr_planning_to_recruiting,02,candidate,인사기획,인력채용,True,인사기획,인력채용,인력채용|인사기획|직무관리,인력채용|직무관리|단체협약이행|단체교섭준비|인사기획,인력채용|인사기획|직무관리,,3,5,0.6,1.0,1,1,3,0.0323,22,31,1,30
26,hr_planning_to_compensation,02,candidate,인사기획,임금관리,True,인사기획,임금관리,임금관리|급여지급|인사기획,임금관리|급여지급|단체협약이행|복리후생관리|인사기획,임금관리|급여지급|인사기획,,3,5,0.6,1.0,1,1,3,0.069,22,29,2,27
27,hr_planning_to_hrd,02,candidate,인사기획,교육훈련운영,True,인사기획,교육훈련운영,교육훈련운영|핵심인재관리|직무관리,교육훈련운영|핵심인재관리|노사관계 교육훈련|단체교섭준비|직무관리,교육훈련운영|핵심인재관리|직무관리,,3,5,0.6,1.0,1,2,2,0.0,22,34,0,34
28,hr_planning_to_labor_management,02,candidate,인사기획,노무관리,True,인사기획,노무관리,노사관계 계획|단체교섭준비|노사협의회 운영,노사관계 계획|단체교섭준비|단체교섭|노사협의회 운영|노사관계 교육훈련,노사관계 계획|단체교섭준비|노사협의회 운영,,3,5,0.6,1.0,5,0,0,0.0055,22,183,1,182
29,hrbp_to_hr_planning,02,candidate,HRBP,인사기획,True,인사기획,인사기획,인사기획|직무관리|인력채용,인사기획|직무관리|단체협약이행|임금관리|인력채용,인사기획|직무관리|인력채용,,3,5,0.6,1.0,1,1,3,1.0,22,22,22,0
30,hrbp_to_labor_management,02,candidate,HRBP,노무관리,True,인사기획,노무관리,노사관계 계획|단체교섭준비|단체교섭,노사관계 계획|단체교섭준비|단체교섭|노사협의회 운영|노사관계 교육훈련,노사관계 계획|단체교섭준비|단체교섭,,3,5,0.6,1.0,5,0,0,0.0055,22,183,1,182
31,auto_non_hr_01_01_01_01_001,01,candidate_auto,공적개발원조사업 PDM수립,공적개발원조사업 프로젝트 집행,True,공적개발원조사업 PDM수립,공적개발원조사업 프로젝트 집행,공적개발원조사업 프로젝트 집행,공적개발원조사업 프로젝트 집행|공적개발원조사업 개발전략수립|공적개발원조사업 사업기획,공적개발원조사업 프로젝트 집행,,1,3,0.3333,1.0,1,0,2,0.0222,27,90,2,88
32,auto_non_hr_01_01_01_01_002,01,candidate_auto,공적개발원조사업 성과관리,공적개발원조사업 PDM수립,True,공적개발원조사업 성과관리,공적개발원조사업 PDM수립,공적개발원조사업 PDM수립,공적개발원조사업 PDM수립|공적개발원조사업 사업기획,공적개발원조사업 PDM수립,,1,2,0.5,1.0,1,0,1,0.0,49,27,0,27
33,auto_non_hr_01_01_01_01_003,01,candidate_auto,공적개발원조사업 PDM수립,공적개발원조사업 성과관리,True,공적개발원조사업 PDM수립,공적개발원조사업 성과관리,공적개발원조사업 성과관리,공적개발원조사업 성과관리,공적개발원조사업 성과관리,,1,1,1.0,1.0,1,0,0,0.0,27,49,0,49
34,auto_non_hr_01_01_01_02_004,01,candidate_auto,프로젝트 인적자원관리,프로젝트 원가관리,True,프로젝트 인적자원관리,프로젝트 원가관리,프로젝트 원가관리,프로젝트 원가관리|프로젝트 인적자원관리,프로젝트 원가관리,,1,2,0.5,1.0,1,0,1,0.1481,88,54,8,46
35,auto_non_hr_01_01_01_02_005,01,candidate_auto,프로젝트 원가관리,프로젝트 인적자원관리,True,프로젝트 원가관리,프로젝트 인적자원관리,프로젝트 인적자원관리,프로젝트 인적자원관리|프로젝트 원가관리,프로젝트 인적자원관리,,1,2,0.5,1.0,1,0,1,0.0909,54,88,8,80
36,auto_non_hr_01_01_01_02_006,01,candidate_auto,프로젝트 원가관리,프로젝트 일정관리,True,프로젝트 원가관리,프로젝트 일정관리,프로젝트 일정관리,프로젝트 일정관리|프로젝트 범위관리,프로젝트 일정관리,,1,2,0.5,1.0,1,0,1,0.0267,54,75,2,73
37,auto_non_hr_01_01_01_03_007,01,candidate_auto,산학협력 연구비관리,산학협력 과제관리,True,산학협력 연구비관리,산학협력 과제관리,산학협력 과제관리,산학협력 과제관리,산학협력 과제관리,,1,1,1.0,1.0,1,0,0,0.2,18,30,6,24
38,auto_non_hr_01_01_01_03_008,01,candidate_auto,산학협력 과제관리,산학협력 연구비관리,True,산학협력 과제관리,산학협력 연구비관리,산학협력 연구비관리,산학협력 연구비관리,산학협력 연구비관리,,1,1,1.0,1.0,1,0,0,0.3333,30,18,6,12
39,auto_non_hr_03_01_01_01_009,03,candidate_auto,예금 관리,부수업무 처리,True,예금 관리,부수업무 처리,부수업무 처리,부수업무 처리,부수업무 처리,,1,1,1.0,1.0,1,0,0,0.0,26,24,0,24
40,auto_non_hr_03_01_01_01_010,03,candidate_auto,부수업무 처리,예금 관리,True,부수업무 처리,예금 관리,예금 관리,예금 관리|입지급 거래,예금 관리,,1,2,0.5,1.0,1,0,1,0.0,24,26,0,26
41,auto_non_hr_03_01_01_01_011,03,candidate_auto,부수업무 처리,입지급 거래,True,부수업무 처리,입지급 거래,입지급 거래,입지급 거래|예금 관리,입지급 거래,,1,2,0.5,1.0,1,0,1,0.0,24,23,0,23
42,auto_non_hr_03_01_01_02_012,03,candidate_auto,고객접촉활동·관계형성,거래약정,True,고객접촉활동·관계형성,거래약정,거래약정,거래약정,거래약정,,1,1,1.0,1.0,1,0,0,0.0,22,23,0,23
43,auto_non_hr_03_01_01_02_013,03,candidate_auto,거래약정,고객접촉활동·관계형성,True,거래약정,고객접촉활동·관계형성,고객접촉활동·관계형성,고객접촉활동·관계형성,고객접촉활동·관계형성,,1,1,1.0,1.0,1,0,0,0.0,23,22,0,22
44,auto_non_hr_03_01_01_02_014,03,candidate_auto,기업 거래심화,거래신청 심사·승인,True,기업 거래심화,거래신청 심사·승인,거래신청 심사·승인,거래신청 심사·승인,거래신청 심사·승인,,1,1,1.0,1.0,1,0,0,0.0435,25,23,1,22
45,auto_non_hr_03_01_01_03_015,03,candidate_auto,고객관리,PB컴플라이언스,True,고객관리,PB컴플라이언스,PB컴플라이언스,PB컴플라이언스,PB컴플라이언스,,1,1,1.0,1.0,1,0,0,0.0,28,35,0,35
46,auto_non_hr_03_01_01_03_016,03,candidate_auto,PB컴플라이언스,고객관리,True,PB컴플라이언스,고객관리,고객관리,고객관리|기업고객관리,고객관리,,1,2,0.5,1.0,1,1,0,0.0,35,28,0,28
47,auto_non_hr_04_02_02_01_017,04,candidate_auto,평생교육 요구분석,평생교육 상황분석,True,평생교육 요구분석,평생교육 상황분석,평생교육 상황분석,평생교육 상황분석,평생교육 상황분석,,1,1,1.0,1.0,1,0,0,0.0286,39,35,1,34
48,auto_non_hr_04_02_02_01_018,04,candidate_auto,평생교육 상황분석,평생교육 요구분석,True,평생교육 상황분석,평생교육 요구분석,평생교육 요구분석,평생교육 요구분석,평생교육 요구분석,,1,1,1.0,1.0,1,0,0,0.0256,35,39,1,38
49,auto_non_hr_04_02_02_01_019,04,candidate_auto,평생교육 상황분석,평생교육 자원조사,True,평생교육 상황분석,평생교육 자원조사,평생교육 자원조사,평생교육 자원조사,평생교육 자원조사,,1,1,1.0,1.0,1,0,0,0.0,35,47,0,47
50,auto_non_hr_04_02_02_02_020,04,candidate_auto,프로그램 현장관리,평생교육 실무행정,True,프로그램 현장관리,평생교육 실무행정,평생교육 실무행정,평생교육 실무행정,평생교육 실무행정,,1,1,1.0,1.0,1,0,0,0.0,38,51,0,51
51,auto_non_hr_04_02_02_02_021,04,candidate_auto,평생교육 실무행정,프로그램 현장관리,True,평생교육 실무행정,프로그램 현장관리,프로그램 현장관리,프로그램 현장관리,프로그램 현장관리,,1,1,1.0,1.0,1,0,0,0.0,51,38,0,38
52,auto_non_hr_04_02_02_02_022,04,candidate_auto,평생교육 인적자원 관리,평생교육 네트워크 관리,True,평생교육 인적자원 관리,평생교육 네트워크 관리,평생교육 네트워크 관리,평생교육 네트워크 관리,평생교육 네트워크 관리,,1,1,1.0,1.0,1,0,0,0.0,94,47,0,47
53,auto_non_hr_04_03_01_01_023,04,candidate_auto,개인보유역량 분석,경력지도 관련정보 수집,True,개인보유역량 분석,경력지도 관련정보 수집,경력지도 관련정보 수집,경력지도 관련정보 수집,경력지도 관련정보 수집,,1,1,1.0,1.0,1,0,0,0.0,47,33,0,33
54,auto_non_hr_04_03_01_01_024,04,candidate_auto,개인보유역량 분석,경력지도 설계,True,개인보유역량 분석,경력지도 설계,경력지도 설계,경력지도 설계,경력지도 설계,,1,1,1.0,1.0,1,0,0,0.0,47,38,0,38
55,auto_non_hr_05_01_02_01_025,05,candidate_auto,디자인 도면 서식 작성,3D 모델링,True,디자인 도면 서식 작성,3D 모델링,3D 모델링,3D 모델링,3D 모델링,,1,1,1.0,1.0,1,0,0,0.0,10,10,0,10
56,auto_non_hr_05_01_02_01_026,05,candidate_auto,3D 모델링,디자인 도면 서식 작성,True,3D 모델링,디자인 도면 서식 작성,디자인 도면 서식 작성,디자인 도면 서식 작성|디자인 도면 작성,디자인 도면 서식 작성,,1,2,0.5,1.0,1,0,1,0.0,10,10,0,10
57,auto_non_hr_05_01_02_01_027,05,candidate_auto,3D 모델링,디자인 도면 작성,True,3D 모델링,디자인 도면 작성,디자인 도면 작성,디자인 도면 작성,디자인 도면 작성,,1,1,1.0,1.0,1,0,0,0.0,10,15,0,15
58,auto_non_hr_05_01_02_02_028,05,candidate_auto,지식재산 거래 사후 관리,지식재산 거래 조건 협상,True,지식재산 거래 사후 관리,지식재산 거래 조건 협상,지식재산 거래 조건 협상,지식재산 거래 조건 협상,지식재산 거래 조건 협상,,1,1,1.0,1.0,1,0,0,0.1613,21,31,5,26
59,auto_non_hr_05_01_02_02_029,05,candidate_auto,지식재산 거래 사후 관리,지식재산 권리성 평가,True,지식재산 거래 사후 관리,지식재산 권리성 평가,지식재산 권리성 평가,지식재산 권리성 평가,지식재산 권리성 평가,,1,1,1.0,1.0,1,0,0,0.0435,21,23,1,22
60,auto_non_hr_05_01_02_02_030,05,candidate_auto,지식재산 거래 사후 관리,지식재산 기술성 평가,True,지식재산 거래 사후 관리,지식재산 기술성 평가,지식재산 기술성 평가,지식재산 기술성 평가,지식재산 기술성 평가,,1,1,1.0,1.0,1,0,0,0.0286,21,35,1,34
61,auto_non_hr_05_01_02_03_031,05,candidate_auto,지식재산 정보검색,디자인 맵 검토,True,지식재산 정보검색,디자인 맵 검토,디자인 맵 검토,디자인 맵 검토|지식재산 정보검색,디자인 맵 검토,,1,2,0.5,1.0,1,0,1,0.4167,20,12,5,7
62,auto_non_hr_05_01_02_03_032,05,candidate_auto,디자인 맵 검토,지식재산 정보검색,True,디자인 맵 검토,지식재산 정보검색,지식재산 정보검색,지식재산 정보검색|지식재산 유효자료 선별,지식재산 정보검색,,1,2,0.5,1.0,1,1,0,0.25,12,20,5,15
63,auto_non_hr_06_01_01_01_033,06,candidate_auto,의료기기 기술검수,의료기기 구매관리,True,의료기기 기술검수,의료기기 구매관리,의료기기 구매관리,의료기기 구매관리|의료기기 관리업무 기획,의료기기 구매관리,,1,2,0.5,1.0,1,1,0,0.0625,15,48,3,45
64,auto_non_hr_06_01_01_01_034,06,candidate_auto,의료기기 구매관리,의료기기 기술검수,True,의료기기 구매관리,의료기기 기술검수,의료기기 기술검수,의료기기 기술검수|의료기기 구매관리,의료기기 기술검수,,1,2,0.5,1.0,1,0,1,0.2,48,15,3,12
65,auto_non_hr_06_01_01_01_035,06,candidate_auto,의료기기 구매관리,의료기기 기술관리,True,의료기기 구매관리,의료기기 기술관리,의료기기 기술관리,의료기기 기술관리,의료기기 기술관리,,1,1,1.0,1.0,1,0,0,0.0725,48,69,5,64
66,auto_non_hr_06_01_01_08_036,06,candidate_auto,물품전달,물품세척,True,물품전달,물품세척,물품세척,물품세척|오염물처리,물품세척,,1,2,0.5,1.0,1,0,1,0.0,34,24,0,24
67,auto_non_hr_06_01_01_08_037,06,candidate_auto,물품세척,물품전달,True,물품세척,물품전달,물품전달,물품전달,물품전달,,1,1,1.0,1.0,1,0,0,0.0,24,34,0,34
68,auto_non_hr_06_01_01_08_038,06,candidate_auto,물품세척,사고예방지원,True,물품세척,사고예방지원,사고예방지원,사고예방지원,사고예방지원,,1,1,1.0,1.0,1,0,0,0.0,24,24,0,24
69,auto_non_hr_06_01_01_09_039,06,candidate_auto,다리 보조기 제작,의지・보조기 고객 상담,True,다리 보조기 제작,의지・보조기 고객 상담,의지・보조기 고객 상담,의지・보조기 고객 상담,의지・보조기 고객 상담,,1,1,1.0,1.0,1,0,0,0.0312,89,32,1,31
70,auto_non_hr_06_01_01_09_040,06,candidate_auto,다리 의지 제작,의지・보조기 고객 평가,True,다리 의지 제작,의지・보조기 고객 평가,의지・보조기 고객 평가,의지・보조기 고객 평가,의지・보조기 고객 평가,,1,1,1.0,1.0,1,0,0,0.0,111,24,0,24
71,auto_non_hr_07_01_01_01_041,07,candidate_auto,지역 주민 조직화,지역사회 자원 관리,True,지역 주민 조직화,지역사회 자원 관리,지역사회 자원 관리,지역사회 자원 관리,지역사회 자원 관리,,1,1,1.0,1.0,1,0,0,0.0238,25,42,1,41
72,auto_non_hr_07_01_01_01_042,07,candidate_auto,지역사회 네트워크,지역 주민 조직화,True,지역사회 네트워크,지역 주민 조직화,지역 주민 조직화,지역 주민 조직화|지역사회 네트워크,지역 주민 조직화,,1,2,0.5,1.0,1,0,1,0.12,34,25,3,22
73,auto_non_hr_07_01_01_01_043,07,candidate_auto,지역 주민 조직화,지역사회 네트워크,True,지역 주민 조직화,지역사회 네트워크,지역사회 네트워크,지역사회 네트워크|지역 주민 조직화,지역사회 네트워크,,1,2,0.5,1.0,1,0,1,0.0882,25,34,3,31
74,auto_non_hr_07_01_01_02_044,07,candidate_auto,사회복지조직 교육·훈련,사회복지조직 재무관리,True,사회복지조직 교육·훈련,사회복지조직 재무관리,사회복지조직 재무관리,사회복지조직 재무관리|사회복지조직 운영기획,사회복지조직 재무관리,,1,2,0.5,1.0,1,0,1,0.0,32,16,0,16
75,auto_non_hr_07_01_01_02_045,07,candidate_auto,사회복지조직 정보자원관리,사회복지조직 교육·훈련,True,사회복지조직 정보자원관리,사회복지조직 교육·훈련,사회복지조직 교육·훈련,사회복지조직 교육·훈련|사회복지프로그램 점검,사회복지조직 교육·훈련,,1,2,0.5,1.0,1,0,1,0.0312,31,32,1,31
76,auto_non_hr_07_01_01_02_046,07,candidate_auto,사회복지조직 교육·훈련,사회복지조직 정보자원관리,True,사회복지조직 교육·훈련,사회복지조직 정보자원관리,사회복지조직 정보자원관리,사회복지조직 정보자원관리,사회복지조직 정보자원관리,,1,1,1.0,1.0,1,0,0,0.0323,32,31,1,30
77,auto_non_hr_07_01_01_03_047,07,candidate_auto,대상자 발굴조사,사회복지프로그램 전산운용,True,대상자 발굴조사,사회복지프로그램 전산운용,사회복지프로그램 전산운용,사회복지프로그램 전산운용|복지특이민원관리,사회복지프로그램 전산운용,,1,2,0.5,1.0,1,0,1,0.0,85,39,0,39
78,auto_non_hr_07_01_01_03_048,07,candidate_auto,복지대상자 지원,대상자 발굴조사,True,복지대상자 지원,대상자 발굴조사,대상자 발굴조사,대상자 발굴조사|자격변동관리,대상자 발굴조사,,1,2,0.5,1.0,1,0,1,0.1176,79,85,10,75
79,auto_non_hr_08_01_01_01_049,08,candidate_auto,문화예술 실행 위기관리,문화예술 장소계획 수립,True,문화예술 실행 위기관리,문화예술 장소계획 수립,문화예술 장소계획 수립,문화예술 장소계획 수립,문화예술 장소계획 수립,,1,1,1.0,1.0,1,0,0,0.0,36,29,0,29
80,auto_non_hr_08_01_01_01_050,08,candidate_auto,문화예술 인력구성,문화예술 실행 위기관리,True,문화예술 인력구성,문화예술 실행 위기관리,문화예술 실행 위기관리,문화예술 실행 위기관리,문화예술 실행 위기관리,,1,1,1.0,1.0,1,0,0,0.0,27,36,0,36
81,auto_non_hr_08_01_01_01_051,08,candidate_auto,문화예술 실행 위기관리,문화예술 인력구성,True,문화예술 실행 위기관리,문화예술 인력구성,문화예술 인력구성,문화예술 인력구성,문화예술 인력구성,,1,1,1.0,1.0,1,0,0,0.0,36,27,0,27
82,auto_non_hr_08_01_01_02_052,08,candidate_auto,문화 정보 기획,지원 사업 운영,True,문화 정보 기획,지원 사업 운영,지원 사업 운영,지원 사업 운영,지원 사업 운영,,1,1,1.0,1.0,1,0,0,0.0667,26,30,2,28
83,auto_non_hr_08_01_01_02_053,08,candidate_auto,문화예술 인력 지원,문화 정보 기획,True,문화예술 인력 지원,문화 정보 기획,문화 정보 기획,문화 정보 기획,문화 정보 기획,,1,1,1.0,1.0,1,0,0,0.0,69,26,0,26
84,auto_non_hr_08_01_01_02_054,08,candidate_auto,문화 정보 기획,문화예술 인력 지원,True,문화 정보 기획,문화예술 인력 지원,문화예술 인력 지원,문화예술 인력 지원,문화예술 인력 지원,,1,1,1.0,1.0,1,0,0,0.0,26,69,0,69
85,auto_non_hr_08_01_01_03_055,08,candidate_auto,문화예술 고객관리,문화예술 경영지원관리,True,문화예술 고객관리,문화예술 경영지원관리,문화예술 경영지원관리,문화예술 경영지원관리,문화예술 경영지원관리,,1,1,1.0,1.0,1,0,0,0.0,30,28,0,28
86,auto_non_hr_08_01_01_03_056,08,candidate_auto,문화예술 마케팅 실행,문화예술 고객관리,True,문화예술 마케팅 실행,문화예술 고객관리,문화예술 고객관리,문화예술 고객관리,문화예술 고객관리,,1,1,1.0,1.0,1,0,0,0.0,57,30,0,30
87,auto_non_hr_09_01_01_01_057,09,candidate_auto,운행 전후 차량 점검,비상상황대처,True,운행 전후 차량 점검,비상상황대처,비상상황대처,비상상황대처,비상상황대처,,1,1,1.0,1.0,1,0,0,0.0,37,36,0,36
88,auto_non_hr_09_01_01_01_058,09,candidate_auto,비상상황대처,운행 전후 차량 점검,True,비상상황대처,운행 전후 차량 점검,운행 전후 차량 점검,운행 전후 차량 점검|승객 승ㆍ하차지원,운행 전후 차량 점검,,1,2,0.5,1.0,1,0,1,0.0,36,37,0,37
89,auto_non_hr_09_01_01_01_059,09,candidate_auto,운행결과보고,승객 승ㆍ하차지원,True,운행결과보고,승객 승ㆍ하차지원,승객 승ㆍ하차지원,승객 승ㆍ하차지원,승객 승ㆍ하차지원,,1,1,1.0,1.0,1,0,0,0.0294,24,34,1,33
90,auto_non_hr_09_01_01_02_060,09,candidate_auto,화물자동차운전준비,화물자동차운전,True,화물자동차운전준비,화물자동차운전,화물자동차운전,화물자동차운전|사고·장애상황대처,화물자동차운전,,1,2,0.5,1.0,1,1,0,0.0,30,28,0,28
91,auto_non_hr_09_01_01_02_061,09,candidate_auto,화물자동차운전,화물자동차운전준비,True,화물자동차운전,화물자동차운전준비,화물자동차운전준비,화물자동차운전준비,화물자동차운전준비,,1,1,1.0,1.0,1,0,0,0.0,28,30,0,30
92,auto_non_hr_09_01_01_02_062,09,candidate_auto,화물자동차운전,화물정보시스템활용,True,화물자동차운전,화물정보시스템활용,화물정보시스템활용,화물정보시스템활용,화물정보시스템활용,,1,1,1.0,1.0,1,0,0,0.0,28,25,0,25
93,auto_non_hr_09_01_01_03_063,09,candidate_auto,수송포장 고객 요구사항 처리,수송포장 작업 수행,True,수송포장 고객 요구사항 처리,수송포장 작업 수행,수송포장 작업 수행,수송포장 작업 수행,수송포장 작업 수행,,1,1,1.0,1.0,1,0,0,0.0,20,68,0,68
94,auto_non_hr_09_01_01_03_064,09,candidate_auto,수송포장 대상제품 분석,수송포장 고객 요구사항 처리,True,수송포장 대상제품 분석,수송포장 고객 요구사항 처리,수송포장 고객 요구사항 처리,수송포장 고객 요구사항 처리,수송포장 고객 요구사항 처리,,1,1,1.0,1.0,1,0,0,0.0,19,20,0,20
95,auto_non_hr_10_01_01_01_065,10,candidate_auto,영업 계약체결관리,영업 계약이행관리,True,영업 계약체결관리,영업 계약이행관리,영업 계약이행관리,영업 계약이행관리,영업 계약이행관리,,1,1,1.0,1.0,1,0,0,0.0,35,27,0,27
96,auto_non_hr_10_01_01_01_066,10,candidate_auto,영업 계약이행관리,영업 계약체결관리,True,영업 계약이행관리,영업 계약체결관리,영업 계약체결관리,영업 계약체결관리,영업 계약체결관리,,1,1,1.0,1.0,1,0,0,0.0,27,35,0,35
97,auto_non_hr_10_01_01_01_067,10,candidate_auto,영업 계약이행관리,영업 고객발굴,True,영업 계약이행관리,영업 고객발굴,영업 고객발굴,영업 고객발굴,영업 고객발굴,,1,1,1.0,1.0,1,0,0,0.0,27,30,0,30
98,auto_non_hr_10_01_01_02_068,10,candidate_auto,해외 잠재고객 발굴,해외영업 계약 이행 관리,True,해외 잠재고객 발굴,해외영업 계약 이행 관리,해외영업 계약 이행 관리,해외영업 계약 이행 관리|해외고객 관리,해외영업 계약 이행 관리,,1,2,0.5,1.0,1,0,1,0.0,39,35,0,35
99,auto_non_hr_10_01_01_02_069,10,candidate_auto,해외거래 제안,해외 잠재고객 발굴,True,해외거래 제안,해외 잠재고객 발굴,해외 잠재고객 발굴,해외 잠재고객 발굴,해외 잠재고객 발굴,,1,1,1.0,1.0,1,0,0,0.0513,31,39,2,37
100,auto_non_hr_10_01_01_02_070,10,candidate_auto,해외 잠재고객 발굴,해외거래 제안,True,해외 잠재고객 발굴,해외거래 제안,해외거래 제안,해외거래 제안|해외고객 협상,해외거래 제안,,1,2,0.5,1.0,1,0,1,0.0645,39,31,2,29
